institution_id,ano,resposta_social,activity_group,n_medio_utentes,n_medio_funcionarios,monthly_revenue_per_beneficiary,monthly_fee_per_beneficiary,monthly_social_security_funding_per_beneficiary,monthly_cost_per_beneficiary,monthly_ebitda_per_beneficiary,monthly_revenue_per_worker,monthly_cost_per_worker,monthly_labour_cost_per_worker,beneficiary_worker_ratio,ss_funding_cost_coverage_ratio,concelho
INST_33c54ad8,2025,1103 - CRECHE,Infância,39.0,8.25,643.5,18.63,590.96,555.55,87.96,3042.01,2626.22,1691.78,4.73,41.49,GUIMARÃES
INST_33c54ad8,2025,1104 - ESTABELECIMENTO DE EDUCAÇÃO PRÉ-ESCOLAR,Infância,40.0,6.25,439.72,117.04,289.84,534.87,-95.15,2814.2,3423.15,2088.13,6.4,21.68,GUIMARÃES
INST_33c54ad8,2025,2103 - CENTRO DE DIA,Idosos,20.0,5.5,461.63,214.22,209.81,622.44,-160.81,1678.65,2263.41,1371.82,3.64,6.74,GUIMARÃES
INST_ed1ce449,2025,2101 - SERVIÇO DE APOIO DOMICILIÁRIO,Idosos,14.0,4.0,600.56,160.13,398.63,582.78,17.78,2101.97,2039.74,1312.97,3.5,9.58,GUARDA
INST_9c027b3d,2025,1103 - CRECHE,Infância,48.0,13.0,598.63,0.0,0.0,453.92,144.72,2210.34,1676.0,1110.14,3.69,59.74,OURÉM
INST_9c027b3d,2025,2101 - SERVIÇO DE APOIO DOMICILIÁRIO,Idosos,15.0,5.0,883.82,275.18,0.0,855.2,28.61,2651.45,2565.61,1602.22,3.0,10.13,OURÉM
INST_9c027b3d,2025,2103 - CENTRO DE DIA,Idosos,6.0,3.0,378.47,162.05,0.0,1470.52,-1092.06,756.93,2941.05,1563.31,2.0,0.75,OURÉM
INST_9c027b3d,2025,2107 - ESTRUTURA RESIDENCIAL PARA PESSOAS IDOSAS,Idosos,45.0,24.0,1513.39,710.14,0.0,1379.03,134.35,2837.6,2585.69,1865.48,1.88,20.43,OURÉM
INST_78679529,2024,1103 - CRECHE,Infância,66.0,16.0,691.6,22.7,650.77,604.05,87.55,2852.84,2491.71,1865.2,4.12,71.1,BRAGA
INST_78679529,2024,1104 - ESTABELECIMENTO DE EDUCAÇÃO PRÉ-ESCOLAR,Infância,60.0,7.0,388.91,184.53,194.2,348.14,40.77,3333.52,2984.05,2201.02,8.57,33.47,BRAGA
INST_78679529,2024,2101 - SERVIÇO DE APOIO DOMICILIÁRIO,Idosos,32.0,13.0,599.95,223.03,360.21,570.05,29.91,1476.8,1403.19,1079.74,2.46,20.22,BRAGA
INST_78679529,2024,2103 - CENTRO DE DIA,Idosos,28.0,8.0,464.74,287.72,169.75,325.19,139.55,1626.59,1138.17,933.4,3.5,14.62,BRAGA
INST_a490aecb,2024,2101 - SERVIÇO DE APOIO DOMICILIÁRIO,Idosos,8.0,4.0,694.5,351.86,342.65,833.81,-139.31,1389.01,1667.62,1277.64,2.0,3.29,RIO MAIOR
INST_a490aecb,2024,2103 - CENTRO DE DIA,Idosos,5.0,2.0,478.69,326.85,151.84,473.85,4.83,1196.72,1184.64,941.37,2.5,1.6,RIO MAIOR
INST_a490aecb,2024,2107 - ESTRUTURA RESIDENCIAL PARA PESSOAS IDOSAS,Idosos,67.0,50.0,1786.52,824.62,560.59,1624.1,162.43,2393.94,2176.29,1537.58,1.34,23.81,RIO MAIOR
INST_fe5a74f3,2024,2101 - SERVIÇO DE APOIO DOMICILIÁRIO,Idosos,20.0,6.0,878.78,341.78,0.0,918.97,-40.19,2929.27,3063.23,1929.78,3.33,0.0,TONDELA
INST_fe5a74f3,2024,2103 - CENTRO DE DIA,Idosos,20.0,4.0,406.23,237.43,0.0,363.18,43.05,2031.15,1815.9,906.91,5.0,0.0,TONDELA
INST_06dcf602,2024,1103 - CRECHE,Infância,55.0,12.0,482.58,125.55,353.66,469.36,13.22,2211.84,2151.24,1648.92,4.58,41.44,GUIMARÃES
INST_06dcf602,2024,1104 - ESTABELECIMENTO DE EDUCAÇÃO PRÉ-ESCOLAR,Infância,95.0,16.0,341.48,88.84,250.25,332.12,9.36,2027.52,1971.97,1511.51,5.94,71.58,GUIMARÃES
INST_385e9951,2024,1103 - CRECHE,Infância,35.0,6.0,603.05,46.16,0.0,531.43,71.62,3517.79,3100.0,2320.16,5.83,2.89,PESO DA RÉGUA
INST_385e9951,2024,1104 - ESTABELECIMENTO DE EDUCAÇÃO PRÉ-ESCOLAR,Infância,39.0,8.0,305.04,43.19,0.0,401.4,-96.37,1487.06,1956.85,1261.56,4.88,2.89,PESO DA RÉGUA
INST_385e9951,2024,2101 - SERVIÇO DE APOIO DOMICILIÁRIO,Idosos,36.0,9.0,564.58,132.09,0.0,477.36,87.21,2258.3,1909.45,1405.27,4.0,4.4,PESO DA RÉGUA
INST_66fbbdb7,2024,1103 - CRECHE,Infância,34.0,14.0,539.63,35.06,0.0,438.7,100.94,1310.54,1065.41,806.27,2.43,1.81,SANTO TIRSO
INST_66fbbdb7,2024,2101 - SERVIÇO DE APOIO DOMICILIÁRIO,Idosos,15.0,14.0,760.27,277.49,0.0,646.35,113.93,814.58,692.51,524.08,1.07,0.8,SANTO TIRSO
INST_66fbbdb7,2024,2103 - CENTRO DE DIA,Idosos,12.0,14.0,579.06,342.96,0.0,559.34,19.72,496.34,479.43,362.82,0.86,0.64,SANTO TIRSO
INST_66fbbdb7,2024,2107 - ESTRUTURA RESIDENCIAL PARA PESSOAS IDOSAS,Idosos,30.0,26.0,1519.13,748.56,0.0,1441.85,77.28,1752.84,1663.67,1259.03,1.15,1.59,SANTO TIRSO
INST_c3d659e5,2024,2107 - ESTRUTURA RESIDENCIAL PARA PESSOAS IDOSAS,Idosos,73.0,52.0,1467.54,856.3,493.2,1181.13,286.42,2060.2,1658.12,1277.69,1.4,32.25,AMARES
INST_aaaf5294,2024,1103 - CRECHE,Infância,43.0,9.0,508.36,0.0,0.0,493.28,15.08,2428.84,2356.79,1931.2,4.78,1.55,SALVATERRA DE MAGOS
INST_aaaf5294,2024,2101 - SERVIÇO DE APOIO DOMICILIÁRIO,Idosos,32.0,5.0,519.44,197.64,0.0,289.36,230.08,3324.44,1851.93,1370.56,6.4,2.75,SALVATERRA DE MAGOS
INST_aaaf5294,2024,2103 - CENTRO DE DIA,Idosos,44.0,7.0,289.39,67.71,0.0,434.26,-144.87,1819.02,2729.64,1599.17,6.29,4.25,SALVATERRA DE MAGOS
INST_0ddfde1e,2024,2101 - SERVIÇO DE APOIO DOMICILIÁRIO,Idosos,10.0,6.0,772.36,347.47,390.41,931.46,-159.1,1287.27,1552.43,1106.44,1.67,4.4,TORRES NOVAS
INST_0ddfde1e,2024,2103 - CENTRO DE DIA,Idosos,15.0,6.0,40.0,0.0,34.01,69.56,-29.56,100.0,173.91,173.91,2.5,7.33,TORRES NOVAS
INST_0ddfde1e,2024,2107 - ESTRUTURA RESIDENCIAL PARA PESSOAS IDOSAS,Idosos,28.0,20.0,1824.71,1071.8,599.79,1787.5,37.21,2554.59,2502.5,1804.09,1.4,10.43,TORRES NOVAS
INST_e82da776,2024,2107 - ESTRUTURA RESIDENCIAL PARA PESSOAS IDOSAS,Idosos,35.0,29.0,1841.84,850.04,0.0,1731.54,110.3,2222.9,2089.79,1513.59,1.21,5.74,ALCOUTIM
INST_7b000b7b,2024,2101 - SERVIÇO DE APOIO DOMICILIÁRIO,Idosos,13.0,5.0,782.75,29.19,0.0,607.86,174.89,2035.15,1580.43,1194.13,2.6,1.6,ALCOBAÇA
INST_7b000b7b,2024,2103 - CENTRO DE DIA,Idosos,21.0,6.0,646.95,13.17,0.0,594.88,52.07,2264.31,2082.08,1367.72,3.5,3.68,ALCOBAÇA
INST_2eccc5c5,2024,2101 - SERVIÇO DE APOIO DOMICILIÁRIO,Idosos,31.0,8.0,637.56,181.47,0.0,465.54,172.02,2470.54,1803.95,772.01,3.88,0.63,ALIJÓ
INST_2eccc5c5,2024,2103 - CENTRO DE DIA,Idosos,6.0,1.0,424.65,137.0,0.0,1555.88,-1131.22,2547.92,9335.25,6121.4,6.0,0.09,ALIJÓ
INST_2eccc5c5,2024,2107 - ESTRUTURA RESIDENCIAL PARA PESSOAS IDOSAS,Idosos,14.0,8.0,1151.94,566.76,0.0,1026.19,125.76,2015.9,1795.83,1200.0,1.75,0.27,ALIJÓ
INST_29ae815e,2024,1104 - ESTABELECIMENTO DE EDUCAÇÃO PRÉ-ESCOLAR,Infância,0.0,0.0,,,,,,,,,,,PÓVOA DE VARZIM
INST_29ae815e,2024,1103 - CRECHE,Infância,41.0,11.0,592.89,0.0,315.17,521.98,70.91,2209.86,1945.57,1598.71,3.73,25.97,PÓVOA DE VARZIM
INST_29ae815e,2024,1104 - ESTABELECIMENTO DE EDUCAÇÃO PRÉ-ESCOLAR,Infância,50.0,8.0,381.55,158.95,150.43,349.59,31.96,2384.7,2184.96,1651.57,6.25,28.45,PÓVOA DE VARZIM
INST_08266a86,2024,1104 - ESTABELECIMENTO DE EDUCAÇÃO PRÉ-ESCOLAR,Infância,44.0,9.0,293.71,0.0,212.19,361.12,-67.41,1435.91,1765.48,1305.08,4.89,27.42,LISBOA
INST_08266a86,2024,1103 - CRECHE,Infância,48.0,10.0,502.39,0.0,485.72,422.17,80.22,2411.46,2026.42,1550.73,4.8,56.56,LISBOA
INST_54c67dde,2024,1103 - CRECHE,Infância,45.0,24.0,684.68,67.31,0.0,659.96,24.72,1283.77,1237.42,936.73,1.88,1.59,PORTO
INST_54c67dde,2024,1104 - ESTABELECIMENTO DE EDUCAÇÃO PRÉ-ESCOLAR,Infância,66.0,22.0,423.73,161.76,55.81,387.0,36.73,1271.18,1161.01,898.84,3.0,10.81,PORTO
INST_54c67dde,2024,2103 - CENTRO DE DIA,Idosos,0.0,0.0,,,,,,,,,,,PORTO
INST_54c67dde,2024,2103 - CENTRO DE DIA,Idosos,45.0,17.0,218.87,95.17,0.0,227.98,-9.12,579.36,603.49,425.02,2.65,0.9,PORTO
INST_54c67dde,2024,2301 - SERVIÇO DE APOIO DOMICILIÁRIO,Idosos,35.0,22.0,687.87,239.01,0.0,679.27,8.6,1094.35,1080.66,775.92,1.59,0.87,PORTO
INST_82895946,2024,1103 - CRECHE,Infância,25.0,7.0,557.04,72.0,289.54,563.99,-6.94,1989.43,2014.23,1674.58,3.57,12.83,LISBOA
INST_30ee18e3,2024,2101 - SERVIÇO DE APOIO DOMICILIÁRIO,Idosos,15.0,3.0,338.52,126.44,212.08,327.88,10.63,1692.58,1639.42,1311.92,5.0,9.7,FREIXO DE ESPADA À CINTA
INST_30ee18e3,2024,2107 - ESTRUTURA RESIDENCIAL PARA PESSOAS IDOSAS,Idosos,15.0,8.0,1113.97,716.49,382.67,1080.23,33.74,2088.7,2025.44,1398.95,1.88,5.31,FREIXO DE ESPADA À CINTA
INST_84fb7003,2024,1104 - ESTABELECIMENTO DE EDUCAÇÃO PRÉ-ESCOLAR,Infância,45.0,9.0,423.49,184.41,209.66,420.22,3.27,2117.43,2101.08,1642.6,5.0,25.3,FARO
INST_fbb27a0f,2024,1103 - CRECHE,Infância,47.0,10.0,546.58,45.57,467.17,472.37,74.21,2568.93,2220.14,1502.5,4.7,46.7,VILA REAL
INST_7e92172c,2024,1103 - CRECHE,Infância,74.0,16.0,0.0,,,-0.0,0.0,0.0,-0.0,-0.0,4.62,,FARO
INST_7e92172c,2024,2101 - SERVIÇO DE APOIO DOMICILIÁRIO,Idosos,18.0,9.0,0.0,,,-0.0,0.0,0.0,-0.0,-0.0,2.0,,FARO
INST_7e92172c,2024,2107 - ESTRUTURA RESIDENCIAL PARA PESSOAS IDOSAS,Idosos,46.0,36.0,0.0,,,-0.0,0.0,0.0,-0.0,-0.0,1.28,,FARO
INST_7e92172c,2024,1104 - ESTABELECIMENTO DE EDUCAÇÃO PRÉ-ESCOLAR,Infância,24.0,5.0,0.0,,,-0.0,0.0,0.0,-0.0,-0.0,4.8,,FARO
