source_file,page,resposta_social,tipo_acordo,n_medio_utentes,n_medio_funcionarios,n_meses,is_ocr,vendas,servicos_prestados,servicos_prestados_particulares,subsidios_publicos,iss_ip,iss_ip_2,outros_rendimentos,custo_mercadorias,fse,gastos_pessoal,outros_gastos,ebitda,depreciacao,resultado_liquido,ss_funding_authoritative,_comparticipacoes_matched_key,concelho,centro_distrital,ano,activity_group,ss_funding,revenue,total_cost,labour_cost,monthly_revenue,monthly_fee,monthly_social_security_funding,monthly_cost,monthly_ebitda,monthly_labour_cost,monthly_revenue_per_beneficiary,monthly_fee_per_beneficiary,monthly_social_security_funding_per_beneficiary,monthly_cost_per_beneficiary,monthly_ebitda_per_beneficiary,monthly_revenue_per_worker,monthly_cost_per_worker,monthly_labour_cost_per_worker,beneficiary_worker_ratio,ss_funding_cost_coverage_ratio,institution_id,equipment_id
DOC 2.pdf,2,1103 - CRECHE,Típico Tipo de Atividade:,39.0,8.25,12.0,False,0.0,8719.0,8719.0,276569.56,276569.56,0.0,15870.89,-24684.07,-27995.84,-167486.01,-39829.63,41163.9,-3934.24,37229.66,276569.56,CRECHE,GUIMARÃES,,2025,Infância,276569.56,301159.45,259995.55,167486.01,25096.62,726.58,23047.46,21666.3,3430.32,13957.17,643.5,18.63,590.96,555.55,87.96,3042.01,2626.22,1691.78,4.73,41.49,INST_33c54ad8,EQUIP_07aa7e0b
DOC 2.pdf,3,1104 - ESTABELECIMENTO DE EDUCAÇÃO PRÉ-ESCOLAR,Típico Tipo de Atividade:,40.0,6.25,12.0,False,0.0,56181.11,56181.11,139124.15,139124.15,0.0,15759.49,-26089.61,-28910.45,-156609.75,-45126.31,-45671.37,-4034.09,-49705.46,139124.15,ESTABELECIMENTO DE EDUC,GUIMARÃES,,2025,Infância,139124.15,211064.75,256736.12,156609.75,17588.73,4681.76,11593.68,21394.68,-3805.95,13050.81,439.72,117.04,289.84,534.87,-95.15,2814.2,3423.15,2088.13,6.4,21.68,INST_33c54ad8,EQUIP_07aa7e0b
DOC 2.pdf,4,2103 - CENTRO DE DIA,Típico Tipo de Atividade:,20.0,5.5,12.0,False,0.0,51412.11,51412.11,50354.98,50354.98,0.0,9023.98,-16258.46,-22064.55,-90539.9,-20521.97,-38593.81,-2017.04,-40610.85,50354.98,CENTRO DE DIA,GUIMARÃES,,2025,Idosos,50354.98,110791.07,149384.88,90539.9,9232.59,4284.34,4196.25,12448.74,-3216.15,7544.99,461.63,214.22,209.81,622.44,-160.81,1678.65,2263.41,1371.82,3.64,6.74,INST_33c54ad8,EQUIP_07aa7e0b
DOC 3.pdf,2,2101 - SERVIÇO DE APOIO DOMICILIÁRIO,Típico Tipo de Atividade:,14.0,4.0,12.0,False,0.0,28115.5,26902.5,71344.25,66969.25,0.0,1434.99,-21826.29,-12624.79,-63022.35,-433.86,2987.45,-4344.27,-1373.55,66969.25,SERVIÇO DE APOIO DOMICILIÁ,GUARDA,,2025,Idosos,66969.25,100894.74,97907.29,63022.35,8407.9,2342.96,5580.77,8158.94,248.95,5251.86,600.56,160.13,398.63,582.78,17.78,2101.97,2039.74,1312.97,3.5,9.58,INST_ed1ce449,EQUIP_e829f540
DOC 7.pdf,2,1103 - CRECHE,Típico Tipo de Atividade:,48.0,13.0,12.0,False,0.0,325419.4,0.0,0.0,0.0,0.0,19393.34,-58274.74,-29946.59,-173181.76,-53.61,83356.04,-23732.17,59623.87,325419.4,CRECHE,OURÉM,,2025,Infância,325419.4,344812.74,261456.7,173181.76,28734.4,27118.28,27118.28,21788.06,6946.34,14431.81,598.63,0.0,0.0,453.92,144.72,2210.34,1676.0,1110.14,3.69,59.74,INST_9c027b3d,EQUIP_f00ea778
DOC 7.pdf,3,2101 - SERVIÇO DE APOIO DOMICILIÁRIO,Típico Tipo de Atividade:,15.0,5.0,12.0,False,0.0,153521.05,49531.53,0.0,0.0,0.0,5565.77,-41083.13,-16720.22,-96133.46,0.0,5150.01,-5048.47,101.54,103989.52,SERVIÇO DE APOIO DOMICILIÁ,OURÉM,,2025,Idosos,103989.52,159086.82,153936.81,96133.46,13257.23,12793.42,8665.79,12828.07,429.17,8011.12,883.82,275.18,0.0,855.2,28.61,2651.45,2565.61,1602.22,3.0,10.13,INST_9c027b3d,EQUIP_f00ea778
DOC 7.pdf,4,2103 - CENTRO DE DIA,Típico Tipo de Atividade:,6.0,3.0,12.0,False,0.0,24906.29,11667.47,0.0,0.0,0.0,2343.32,-10297.98,-39300.53,-56279.19,0.0,-78628.09,-7308.72,-85936.81,13238.82,CENTRO DE DIA,OURÉM,,2025,Idosos,13238.82,27249.61,105877.7,56279.19,2270.8,2075.52,1103.23,8823.14,-6552.34,4689.93,378.47,162.05,0.0,1470.52,-1092.06,756.93,2941.05,1563.31,2.0,0.75,INST_9c027b3d,EQUIP_f00ea778
DOC 7.pdf,5,2107 - ESTRUTURA RESIDENCIAL PARA PESSOAS IDOSAS,Típico Tipo de Atividade:,45.0,24.0,12.0,False,0.0,721608.32,383477.2,13127.47,0.0,0.0,82493.62,-75912.47,-130844.12,-537257.1,-664.66,72551.06,-101327.81,-82045.16,338131.12,ESTRUTURA RESIDENCIAL PA,OURÉM,,2025,Idosos,338131.12,817229.41,744678.35,537257.1,68102.45,60134.03,28177.59,62056.53,6045.92,44771.42,1513.39,710.14,0.0,1379.03,134.35,2837.6,2585.69,1865.48,1.88,20.43,INST_9c027b3d,EQUIP_f00ea778
OCIP 1_24.pdf,2,1103 - CRECHE,Típico Tipo de Atividade:,66.0,16.0,12.0,False,0.0,17981.14,17981.14,515406.22,515406.22,0.0,14357.43,-36876.69,-80217.61,-358118.77,-3195.53,69336.19,-19108.99,58447.24,,,BRAGA,,2024,Infância,515406.22,547744.79,478408.6,358118.77,45645.4,1498.43,42950.52,39867.38,5778.02,29843.23,691.6,22.7,650.77,604.05,87.55,2852.84,2491.71,1865.2,4.12,71.1,INST_78679529,EQUIP_77918a18
OCIP 1_24.pdf,3,1104 - ESTABELECIMENTO DE EDUCAÇÃO PRÉ-ESCOLAR,Típico Tipo de Atividade:,60.0,7.0,12.0,False,0.0,132858.89,132858.89,139825.51,139825.51,0.0,7331.4,-18830.64,-45311.49,-184886.08,-1631.77,29355.82,-9757.77,23795.52,,,BRAGA,,2024,Infância,139825.51,280015.8,250659.98,184886.08,23334.65,11071.57,11652.13,20888.33,2446.32,15407.17,388.91,184.53,194.2,348.14,40.77,3333.52,2984.05,2201.02,8.57,33.47,INST_78679529,EQUIP_77918a18
OCIP 1_24.pdf,4,2101 - SERVIÇO DE APOIO DOMICILIÁRIO,Típico Tipo de Atividade:,32.0,13.0,12.0,False,0.0,85644.07,85644.07,138322.45,138322.45,0.0,6414.89,-16476.81,-32552.96,-168439.78,-1427.75,11484.11,-8538.03,6618.86,,,BRAGA,,2024,Idosos,138322.45,230381.41,218897.3,168439.78,19198.45,7137.01,11526.87,18241.44,957.01,14036.65,599.95,223.03,360.21,570.05,29.91,1476.8,1403.19,1079.74,2.46,20.22,INST_78679529,EQUIP_77918a18
OCIP 1_24.pdf,5,2103 - CENTRO DE DIA,Típico Tipo de Atividade:,28.0,8.0,12.0,False,0.0,96674.07,96674.07,57034.59,57034.59,0.0,2443.79,-6276.88,-12837.94,-89605.95,-543.96,46887.72,-3252.59,45034.29,,,BRAGA,,2024,Idosos,57034.59,156152.45,109264.73,89605.95,13012.7,8056.17,4752.88,9105.39,3907.31,7467.16,464.74,287.72,169.75,325.19,139.55,1626.59,1138.17,933.4,3.5,14.62,INST_78679529,EQUIP_77918a18
OCIP 2_24.pdf,2,2101 - SERVIÇO DE APOIO DOMICILIÁRIO,Típico Tipo de Atividade:,8.0,4.0,12.0,False,0.0,33778.18,33778.18,32894.09,32894.09,0.0,0.0,-5963.49,-12755.44,-61326.93,0.0,-13373.59,0.0,-13373.59,,,RIO MAIOR,,2024,Idosos,32894.09,66672.27,80045.86,61326.93,5556.02,2814.85,2741.17,6670.49,-1114.47,5110.58,694.5,351.86,342.65,833.81,-139.31,1389.01,1667.62,1277.64,2.0,3.29,INST_a490aecb,EQUIP_70fb9a47
OCIP 2_24.pdf,3,2103 - CENTRO DE DIA,Típico Tipo de Atividade:,5.0,2.0,12.0,False,0.0,19610.8,19610.8,9110.47,9110.47,0.0,0.0,-1657.42,-4169.91,-22592.82,-11.12,290.0,0.0,290.0,,,RIO MAIOR,,2024,Idosos,9110.47,28721.27,28431.27,22592.82,2393.44,1634.23,759.21,2369.27,24.17,1882.74,478.69,326.85,151.84,473.85,4.83,1196.72,1184.64,941.37,2.5,1.6,INST_a490aecb,EQUIP_70fb9a47
OCIP 2_24.pdf,4,2107 - ESTRUTURA RESIDENCIAL PARA PESSOAS IDOSAS,Típico Tipo de Atividade:,67.0,50.0,12.0,False,23633.7,707764.71,662994.21,464054.34,450715.82,0.0,240912.54,-102876.45,-271636.6,-922550.72,-8711.63,130589.89,-46586.35,166614.53,,,RIO MAIOR,,2024,Idosos,464054.34,1436365.29,1305775.4,922550.72,119697.11,58980.39,38671.2,108814.62,10882.49,76879.23,1786.52,824.62,560.59,1624.1,162.43,2393.94,2176.29,1537.58,1.34,23.81,INST_a490aecb,EQUIP_70fb9a47
OCIP 3_24.pdf,2,2101 - SERVIÇO DE APOIO DOMICILIÁRIO,Típico Tipo de Atividade:,20.0,6.0,12.0,False,0.0,199223.24,82026.4,0.0,0.0,0.0,11684.13,-44447.16,-37161.59,-138943.89,0.0,-9645.27,-14168.49,-23813.76,,,TONDELA,,2024,Idosos,0.0,210907.37,220552.64,138943.89,17575.61,16601.94,0.0,18379.39,-803.77,11578.66,878.78,341.78,0.0,918.97,-40.19,2929.27,3063.23,1929.78,3.33,0.0,INST_fe5a74f3,EQUIP_e3c34bfa
OCIP 3_24.pdf,3,2103 - CENTRO DE DIA,Típico Tipo de Atividade:,20.0,4.0,12.0,False,0.0,97495.42,56983.45,0.0,0.0,0.0,0.0,-17285.01,-26346.77,-43531.66,0.0,10331.98,-9445.66,886.32,,,TONDELA,,2024,Idosos,0.0,97495.42,87163.44,43531.66,8124.62,8124.62,0.0,7263.62,861.0,3627.64,406.23,237.43,0.0,363.18,43.05,2031.15,1815.9,906.91,5.0,0.0,INST_fe5a74f3,EQUIP_e3c34bfa
OCIP 4_24.pdf,2,1103 - CRECHE,Típico Tipo de Atividade:,55.0,12.0,12.0,False,0.0,82863.75,82863.75,233414.76,233414.76,0.0,2227.12,-16564.28,-55113.6,-237444.83,-656.37,8726.55,-8334.91,391.64,,,GUIMARÃES,,2024,Infância,233414.76,318505.63,309779.08,237444.83,26542.14,6905.31,19451.23,25814.92,727.21,19787.07,482.58,125.55,353.66,469.36,13.22,2211.84,2151.24,1648.92,4.58,41.44,INST_06dcf602,EQUIP_658011c9
OCIP 4_24.pdf,3,1104 - ESTABELECIMENTO DE EDUCAÇÃO PRÉ-ESCOLAR,Típico Tipo de Atividade:,95.0,16.0,12.0,False,0.0,101277.92,101277.92,285284.72,285284.72,0.0,2722.03,-20245.23,-67361.07,-290210.35,-802.23,10665.79,-10187.11,478.68,,,GUIMARÃES,,2024,Infância,285284.72,389284.67,378618.88,290210.35,32440.39,8439.83,23773.73,31551.57,888.82,24184.2,341.48,88.84,250.25,332.12,9.36,2027.52,1971.97,1511.51,5.94,71.58,INST_06dcf602,EQUIP_658011c9
OCIP 5_24.pdf,2,1103 - CRECHE,Típico Tipo de Atividade:,35.0,6.0,12.0,False,0.0,215676.73,19387.0,18438.69,0.0,0.0,19165.36,-19489.13,-36488.81,-167051.47,-170.47,30095.74,-8646.99,20000.18,,,PESO DA RÉGUA,,2024,Infância,18438.69,253280.78,223199.88,167051.47,21106.73,17973.06,1536.56,18599.99,2507.98,13920.96,603.05,46.16,0.0,531.43,71.62,3517.79,3100.0,2320.16,5.83,2.89,INST_385e9951,EQUIP_0778164c
OCIP 5_24.pdf,3,1104 - ESTABELECIMENTO DE EDUCAÇÃO PRÉ-ESCOLAR,Típico Tipo de Atividade:,39.0,8.0,12.0,False,0.0,106449.75,20214.5,13926.32,0.0,0.0,22381.48,-20866.17,-43307.54,-121109.72,-2573.94,-45073.12,-15564.44,-62121.74,,,PESO DA RÉGUA,,2024,Infância,13926.32,142757.55,187857.37,121109.72,11896.46,8870.81,1160.53,15654.78,-3756.09,10092.48,305.04,43.19,0.0,401.4,-96.37,1487.06,1956.85,1261.56,4.88,2.89,INST_385e9951,EQUIP_0778164c
OCIP 5_24.pdf,4,2101 - SERVIÇO DE APOIO DOMICILIÁRIO,Típico Tipo de Atividade:,36.0,9.0,12.0,False,0.0,206035.97,57061.29,25200.72,0.0,0.0,12660.19,-23884.87,-30372.74,-151768.69,-194.61,37693.77,-10376.24,25837.49,,,PESO DA RÉGUA,,2024,Idosos,25200.72,243896.88,206220.91,151768.69,20324.74,17169.66,2100.06,17185.08,3141.15,12647.39,564.58,132.09,0.0,477.36,87.21,2258.3,1909.45,1405.27,4.0,4.4,INST_385e9951,EQUIP_0778164c
OCIP 6_24.pdf,2,1103 - CRECHE,Típico Tipo de Atividade:,34.0,14.0,12.0,False,0.0,206918.98,14302.65,9511.19,0.0,0.0,3739.8,-14003.77,-29433.12,-135454.18,-97.18,41181.72,-6824.62,34359.25,,,SANTO TIRSO,,2024,Infância,9511.19,220169.97,178988.25,135454.18,18347.5,17243.25,792.6,14915.69,3431.81,11287.85,539.63,35.06,0.0,438.7,100.94,1310.54,1065.41,806.27,2.43,1.81,INST_66fbbdb7,EQUIP_dfedf40e
OCIP 6_24.pdf,3,2101 - SERVIÇO DE APOIO DOMICILIÁRIO,Típico Tipo de Atividade:,15.0,14.0,12.0,False,0.0,128236.3,49948.6,6182.27,0.0,0.0,2430.87,-9102.45,-19131.53,-88045.21,-63.17,20507.08,-4436.0,16072.48,,,SANTO TIRSO,,2024,Idosos,6182.27,136849.44,116342.36,88045.21,11404.12,10686.36,515.19,9695.2,1708.92,7337.1,760.27,277.49,0.0,646.35,113.93,814.58,692.51,524.08,1.07,0.8,INST_66fbbdb7,EQUIP_dfedf40e
OCIP 6_24.pdf,4,2103 - CENTRO DE DIA,Típico Tipo de Atividade:,12.0,14.0,12.0,False,0.0,77421.63,49386.95,4280.04,0.0,0.0,1682.91,-6301.7,-13244.9,-60954.38,-43.73,2839.87,-3071.08,-230.24,,,SANTO TIRSO,,2024,Idosos,4280.04,83384.58,80544.71,60954.38,6948.72,6451.8,356.67,6712.06,236.66,5079.53,579.06,342.96,0.0,559.34,19.72,496.34,479.43,362.82,0.86,0.64,INST_66fbbdb7,EQUIP_dfedf40e
OCIP 6_24.pdf,5,2107 - ESTRUTURA RESIDENCIAL PARA PESSOAS IDOSAS,Típico Tipo de Atividade:,30.0,26.0,12.0,False,0.0,508459.64,269481.12,27582.43,0.0,0.0,10845.42,-40610.93,-85356.04,-392817.11,-281.82,27821.59,-19791.39,8036.44,,,SANTO TIRSO,,2024,Idosos,27582.43,546887.49,519065.9,392817.11,45573.96,42371.64,2298.54,43255.49,2318.47,32734.76,1519.13,748.56,0.0,1441.85,77.28,1752.84,1663.67,1259.03,1.15,1.59,INST_66fbbdb7,EQUIP_dfedf40e
OCIP 8_24.pdf,2,2107 - ESTRUTURA RESIDENCIAL PARA PESSOAS IDOSAS,Típico Tipo de Atividade:,73.0,52.0,12.0,False,0.0,752682.94,750119.94,457040.55,432045.38,0.0,75844.15,-133874.18,-103350.52,-797279.25,-162.78,250900.91,-84656.07,107471.4,,,AMARES,,2024,Idosos,457040.55,1285567.64,1034666.73,797279.25,107130.64,62723.58,38086.71,86222.23,20908.41,66439.94,1467.54,856.3,493.2,1181.13,286.42,2060.2,1658.12,1277.69,1.4,32.25,INST_c3d659e5,EQUIP_53a3f1f5
OCIP 9_24.pdf,2,1103 - CRECHE,Típico Tipo de Atividade:,43.0,9.0,12.0,False,0.0,251473.95,0.0,9183.75,0.0,0.0,1656.72,-22516.3,-23304.3,-208569.77,-143.0,7781.05,-4237.12,2745.95,,,SALVATERRA DE MAGOS,,2024,Infância,9183.75,262314.42,254533.37,208569.77,21859.54,20956.16,765.31,21211.11,648.42,17380.81,508.36,0.0,0.0,493.28,15.08,2428.84,2356.79,1931.2,4.78,1.55,INST_aaaf5294,EQUIP_ed7ab870
OCIP 9_24.pdf,3,2101 - SERVIÇO DE APOIO DOMICILIÁRIO,Típico Tipo de Atividade:,32.0,5.0,12.0,False,0.0,175959.56,75893.09,9534.08,0.0,0.0,13973.0,-15413.15,-13439.19,-82233.7,-30.0,88350.6,-18810.23,69357.39,,,SALVATERRA DE MAGOS,,2024,Idosos,9534.08,199466.64,111116.04,82233.7,16622.22,14663.3,794.51,9259.67,7362.55,6852.81,519.44,197.64,0.0,289.36,230.08,3324.44,1851.93,1370.56,6.4,2.75,INST_aaaf5294,EQUIP_ed7ab870
OCIP 9_24.pdf,4,2103 - CENTRO DE DIA,Típico Tipo de Atividade:,44.0,7.0,12.0,False,0.0,127615.31,35750.6,22137.57,0.0,0.0,3044.64,-43442.75,-51121.43,-134330.52,-395.0,-76492.18,-16543.34,-94604.47,,,SALVATERRA DE MAGOS,,2024,Idosos,22137.57,152797.52,229289.7,134330.52,12733.13,10634.61,1844.8,19107.47,-6374.35,11194.21,289.39,67.71,0.0,434.26,-144.87,1819.02,2729.64,1599.17,6.29,4.25,INST_aaaf5294,EQUIP_ed7ab870
OCIP_10_24.pdf,2,2101 - SERVIÇO DE APOIO DOMICILIÁRIO,Típico Tipo de Atividade:,10.0,6.0,12.0,False,0.0,41696.68,41696.68,49151.16,46849.78,0.0,1835.46,-17574.8,-14440.38,-79663.61,-96.44,-19091.93,-11210.26,-31010.37,,,TORRES NOVAS,,2024,Idosos,49151.16,92683.3,111775.23,79663.61,7723.61,3474.72,4095.93,9314.6,-1590.99,6638.63,772.36,347.47,390.41,931.46,-159.1,1287.27,1552.43,1106.44,1.67,4.4,INST_0ddfde1e,EQUIP_dd661a6a
OCIP_10_24.pdf,3,2103 - CENTRO DE DIA,Típico Tipo de Atividade:,15.0,6.0,12.0,False,0.0,0.0,0.0,6121.84,6121.84,0.0,1077.98,0.0,0.0,-12521.47,0.0,-5321.65,-4588.99,-9910.64,,,TORRES NOVAS,,2024,Idosos,6121.84,7199.82,12521.47,12521.47,599.98,0.0,510.15,1043.46,-443.47,1043.46,40.0,0.0,34.01,69.56,-29.56,100.0,173.91,173.91,2.5,7.33,INST_0ddfde1e,EQUIP_dd661a6a
OCIP_10_24.pdf,4,2107 - ESTRUTURA RESIDENCIAL PARA PESSOAS IDOSAS,Típico Tipo de Atividade:,28.0,20.0,12.0,False,0.0,360124.8,360124.8,223665.82,201528.9,0.0,29312.02,-65311.4,-101242.17,-432981.81,-1063.87,12503.39,-13830.71,-5678.33,,,TORRES NOVAS,,2024,Idosos,223665.82,613102.64,600599.25,432981.81,51091.89,30010.4,18638.82,50049.94,1041.95,36081.82,1824.71,1071.8,599.79,1787.5,37.21,2554.59,2502.5,1804.09,1.4,10.43,INST_0ddfde1e,EQUIP_dd661a6a
OCIP_11_24.pdf,2,2107 - ESTRUTURA RESIDENCIAL PARA PESSOAS IDOSAS,Típico Tipo de Atividade:,35.0,29.0,12.0,False,0.0,590203.46,357015.33,119168.68,0.0,0.0,64198.73,-18370.91,-180664.81,-526728.16,-1481.87,46325.12,-98607.6,-74613.45,,,ALCOUTIM,,2024,Idosos,119168.68,773570.87,727245.75,526728.16,64464.24,49183.62,9930.72,60603.81,3860.43,43894.01,1841.84,850.04,0.0,1731.54,110.3,2222.9,2089.79,1513.59,1.21,5.74,INST_e82da776,EQUIP_80ee4a1a
OCIP_12_24.pdf,2,2101 - SERVIÇO DE APOIO DOMICILIÁRIO,Típico Tipo de Atividade:,13.0,5.0,12.0,False,0.0,104342.64,4553.91,11695.44,0.0,0.0,6070.85,-11647.71,-11426.62,-71647.78,-103.63,27283.19,-8182.03,18880.32,,,ALCOBAÇA,,2024,Idosos,11695.44,122108.93,94825.74,71647.78,10175.74,8695.22,974.62,7902.14,2273.6,5970.65,782.75,29.19,0.0,607.86,174.89,2035.15,1580.43,1194.13,2.6,1.6,INST_7b000b7b,EQUIP_7e967cef
OCIP_12_24.pdf,3,2103 - CENTRO DE DIA,Típico Tipo de Atividade:,21.0,6.0,12.0,False,0.0,134445.69,3318.59,26285.01,0.0,0.0,2299.47,-16866.39,-33323.41,-98475.74,-1244.15,13120.48,-5777.98,7342.5,,,ALCOBAÇA,,2024,Idosos,26285.01,163030.17,149909.69,98475.74,13585.85,11203.81,2190.42,12492.47,1093.37,8206.31,646.95,13.17,0.0,594.88,52.07,2264.31,2082.08,1367.72,3.5,3.68,INST_7b000b7b,EQUIP_7e967cef
OCIP_13_24.pdf,2,2101 - SERVIÇO DE APOIO DOMICILIÁRIO,Típico Tipo de Atividade:,31.0,8.0,12.0,False,0.0,223107.94,67506.36,3534.5,0.0,0.0,10529.62,-49868.05,-47166.56,-74112.84,-2031.78,63992.83,-15427.19,48565.64,,,ALIJÓ,,2024,Idosos,3534.5,237172.06,173179.23,74112.84,19764.34,18592.33,294.54,14431.6,5332.74,6176.07,637.56,181.47,0.0,465.54,172.02,2470.54,1803.95,772.01,3.88,0.63,INST_2eccc5c5,EQUIP_cc004fe9
OCIP_13_24.pdf,3,2103 - CENTRO DE DIA,Típico Tipo de Atividade:,6.0,1.0,12.0,False,0.0,22361.62,9864.28,1598.92,0.0,0.0,6614.48,-16797.53,-19312.59,-73456.84,-2456.1,-81448.04,-6979.01,-88427.05,,,ALIJÓ,,2024,Idosos,1598.92,30575.02,112023.06,73456.84,2547.92,1863.47,133.24,9335.25,-6787.34,6121.4,424.65,137.0,0.0,1555.88,-1131.22,2547.92,9335.25,6121.4,6.0,0.09,INST_2eccc5c5,EQUIP_cc004fe9
OCIP_13_24.pdf,4,2107 - ESTRUTURA RESIDENCIAL PARA PESSOAS IDOSAS,Típico Tipo de Atividade:,14.0,8.0,12.0,False,0.0,178151.47,95216.35,3282.01,0.0,0.0,12092.93,-25196.35,-31886.46,-115199.57,-117.14,21126.89,-14325.22,6801.67,,,ALIJÓ,,2024,Idosos,3282.01,193526.41,172399.52,115199.57,16127.2,14845.96,273.5,14366.63,1760.57,9599.96,1151.94,566.76,0.0,1026.19,125.76,2015.9,1795.83,1200.0,1.75,0.27,INST_2eccc5c5,EQUIP_cc004fe9
OCIP_14_24.pdf,2,1104 - ESTABELECIMENTO DE EDUCAÇÃO PRÉ-ESCOLAR,Sem Acordo Tipo de Atividade:,0.0,0.0,12.0,False,0.0,0.0,0.0,0.0,0.0,0.0,0.0,0.0,0.0,0.0,0.0,0.0,0.0,0.0,,,PÓVOA DE VARZIM,,2024,Infância,0.0,0.0,-0.0,-0.0,0.0,0.0,0.0,-0.0,0.0,-0.0,,,,,,,,,,,INST_29ae815e,EQUIP_a8cf0ac7
OCIP_14_24.pdf,4,1103 - CRECHE,Típico Tipo de Atividade:,41.0,11.0,12.0,False,0.0,116335.94,0.0,162663.66,155065.97,0.0,12702.46,-13971.12,-30776.18,-211029.88,-1038.69,34886.19,-20910.36,13975.83,,,PÓVOA DE VARZIM,,2024,Infância,162663.66,291702.06,256815.87,211029.88,24308.5,9694.66,13555.3,21401.32,2907.18,17585.82,592.89,0.0,315.17,521.98,70.91,2209.86,1945.57,1598.71,3.73,25.97,INST_29ae815e,EQUIP_62a9c9f9
OCIP_14_24.pdf,5,1104 - ESTABELECIMENTO DE EDUCAÇÃO PRÉ-ESCOLAR,Típico Tipo de Atividade:,50.0,8.0,12.0,False,0.0,95369.67,95369.67,119351.62,90260.2,0.0,14209.53,-15624.64,-34418.61,-158551.18,-1161.62,19174.77,-23391.26,-4216.49,,,PÓVOA DE VARZIM,,2024,Infância,119351.62,228930.82,209756.05,158551.18,19077.57,7947.47,9945.97,17479.67,1597.9,13212.6,381.55,158.95,150.43,349.59,31.96,2384.7,2184.96,1651.57,6.25,28.45,INST_29ae815e,EQUIP_62a9c9f9
OCIP_15_24.pdf,2,1104 - ESTABELECIMENTO DE EDUCAÇÃO PRÉ-ESCOLAR,Típico Tipo de Atividade:,44.0,9.0,12.0,False,0.0,34152.37,0.0,118817.66,112038.51,0.0,2108.23,-1782.83,-47039.31,-140949.13,-900.64,-35273.83,-1405.34,-35214.16,,,LISBOA,,2024,Infância,118817.66,155078.26,190671.91,140949.13,12923.19,2846.03,9901.47,15889.33,-2939.49,11745.76,293.71,0.0,212.19,361.12,-67.41,1435.91,1765.48,1305.08,4.89,27.42,INST_08266a86,EQUIP_9da29c79
OCIP_15_24.pdf,3,1103 - CRECHE,Típico Tipo de Atividade:,48.0,10.0,12.0,False,0.0,712.26,0.0,286555.06,279775.9,0.0,2108.23,-1782.86,-54550.15,-186088.17,-749.74,46524.45,-1405.37,46584.11,,,LISBOA,,2024,Infância,286555.06,289375.55,243170.92,186088.17,24114.63,59.36,23879.59,20264.24,3877.04,15507.35,502.39,0.0,485.72,422.17,80.22,2411.46,2026.42,1550.73,4.8,56.56,INST_08266a86,EQUIP_7b8e4054
OCIP_16_24.pdf,2,1103 - CRECHE,Típico Tipo de Atividade:,45.0,24.0,12.0,False,2634.0,311621.31,36346.88,12590.2,0.0,0.0,42881.39,-12680.16,-72703.75,-269779.48,-1213.31,13350.2,-15274.94,-1924.74,,,PORTO,,2024,Infância,12590.2,369726.9,356376.7,269779.48,30810.58,25968.44,1049.18,29698.06,1112.52,22481.62,684.68,67.31,0.0,659.96,24.72,1283.77,1237.42,936.73,1.88,1.59,INST_54c67dde,EQUIP_bd686cae
OCIP_16_24.pdf,3,1104 - ESTABELECIMENTO DE EDUCAÇÃO PRÉ-ESCOLAR,Típico Tipo de Atividade:,66.0,22.0,12.0,False,4412.0,260578.89,128113.32,50196.01,44204.76,0.0,20405.78,-8100.91,-60534.21,-237293.34,-577.37,29086.85,-7324.7,21762.15,,,PORTO,,2024,Infância,50196.01,335592.68,306505.83,237293.34,27966.06,21714.91,4183.0,25542.15,2423.9,19774.44,423.73,161.76,55.81,387.0,36.73,1271.18,1161.01,898.84,3.0,10.81,INST_54c67dde,EQUIP_bd686cae
OCIP_16_24.pdf,4,2103 - CENTRO DE DIA,Sem Acordo Tipo de Atividade:,0.0,0.0,12.0,False,0.0,0.0,0.0,0.0,0.0,0.0,0.0,0.0,0.0,0.0,0.0,0.0,0.0,0.0,,,PORTO,,2024,Idosos,0.0,0.0,-0.0,-0.0,0.0,0.0,0.0,-0.0,0.0,-0.0,,,,,,,,,,,INST_54c67dde,EQUIP_bd686cae
OCIP_16_24.pdf,5,2103 - CENTRO DE DIA,Típico Tipo de Atividade:,45.0,17.0,12.0,False,0.0,105225.45,51390.93,2462.94,0.0,0.0,10501.11,-2292.51,-33878.01,-86704.02,-237.36,-4922.4,-5488.16,-10410.56,,,PORTO,,2024,Idosos,2462.94,118189.5,123111.9,86704.02,9849.12,8768.79,205.24,10259.33,-410.2,7225.34,218.87,95.17,0.0,227.98,-9.12,579.36,603.49,425.02,2.65,0.9,INST_54c67dde,EQUIP_da76ef3c
OCIP_16_24.pdf,6,2301 - SERVIÇO DE APOIO DOMICILIÁRIO,Típico Tipo de Atividade:,35.0,22.0,12.0,False,0.0,255522.9,100383.62,7097.65,0.0,0.0,26286.63,-6606.5,-73162.2,-204842.51,-684.0,3611.97,-10422.29,-6810.32,,,PORTO,,2024,Idosos,7097.65,288907.18,285295.21,204842.51,24075.6,21293.58,591.47,23774.6,301.0,17070.21,687.87,239.01,0.0,679.27,8.6,1094.35,1080.66,775.92,1.59,0.87,INST_54c67dde,EQUIP_da76ef3c
OCIP_17_24.pdf,3,1103 - CRECHE,Típico Tipo de Atividade:,25.0,7.0,12.0,False,0.0,79743.98,21599.15,86861.52,86861.52,0.0,507.0,-1924.6,-26284.0,-140664.47,-322.64,-2083.21,-4424.07,-3625.98,,,LISBOA,,2024,Infância,86861.52,167112.5,169195.71,140664.47,13926.04,6645.33,7238.46,14099.64,-173.6,11722.04,557.04,72.0,289.54,563.99,-6.94,1989.43,2014.23,1674.58,3.57,12.83,INST_82895946,EQUIP_d88d1d61
OCIP_18_24.pdf,2,2101 - SERVIÇO DE APOIO DOMICILIÁRIO,Típico Tipo de Atividade:,15.0,3.0,12.0,False,0.0,22759.03,22759.03,38174.0,38174.0,0.0,0.0,-6221.2,-5024.42,-47229.27,-544.31,1913.83,-979.16,934.67,,,FREIXO DE ESPADA À CINTA,,2024,Idosos,38174.0,60933.03,59019.2,47229.27,5077.75,1896.59,3181.17,4918.27,159.49,3935.77,338.52,126.44,212.08,327.88,10.63,1692.58,1639.42,1311.92,5.0,9.7,INST_30ee18e3,EQUIP_62c519bb
OCIP_18_24.pdf,3,2107 - ESTRUTURA RESIDENCIAL PARA PESSOAS IDOSAS,Típico Tipo de Atividade:,15.0,8.0,12.0,False,0.0,128967.86,128967.86,68880.0,68880.0,0.0,2666.9,-28586.79,-28471.69,-134299.17,-3084.4,6072.71,-5548.55,524.16,,,FREIXO DE ESPADA À CINTA,,2024,Idosos,68880.0,200514.76,194442.05,134299.17,16709.56,10747.32,5740.0,16203.5,506.06,11191.6,1113.97,716.49,382.67,1080.23,33.74,2088.7,2025.44,1398.95,1.88,5.31,INST_30ee18e3,EQUIP_62c519bb
OCIP_19_24.pdf,2,1104 - ESTABELECIMENTO DE EDUCAÇÃO PRÉ-ESCOLAR,Típico Tipo de Atividade:,45.0,9.0,12.0,False,0.0,99583.67,99583.67,127557.8,96142.27,17072.04,1541.02,-16839.45,-32544.1,-177400.8,-131.83,1766.31,-3077.02,6730.34,,,FARO,,2024,Infância,127557.8,228682.49,226916.18,177400.8,19056.87,8298.64,10629.82,18909.68,147.19,14783.4,423.49,184.41,209.66,420.22,3.27,2117.43,2101.08,1642.6,5.0,25.3,INST_84fb7003,EQUIP_ec007abf
OCIP_20_24.pdf,2,1103 - CRECHE,Típico Tipo de Atividade:,47.0,10.0,12.0,False,0.0,25701.5,25701.5,264708.64,263481.44,0.0,17861.35,-4601.11,-80717.57,-180300.48,-797.04,41855.29,-39004.47,3800.04,,,VILA REAL,,2024,Infância,264708.64,308271.49,266416.2,180300.48,25689.29,2141.79,22059.05,22201.35,3487.94,15025.04,546.58,45.57,467.17,472.37,74.21,2568.93,2220.14,1502.5,4.7,46.7,INST_fbb27a0f,EQUIP_585662ae
OCIP 7_24.pdf,2,1103 - CRECHE,Típico,74.0,16.0,12.0,True,,,,,,,,,,,,,,0.0,,,FARO,,2024,Infância,,0.0,-0.0,-0.0,0.0,,,-0.0,,-0.0,0.0,,,-0.0,0.0,0.0,-0.0,-0.0,4.62,,INST_7e92172c,EQUIP_5f19c083
OCIP 7_24.pdf,3,2101 - SERVIÇO DE APOIO DOMICILIÁRIO,Típico,18.0,9.0,12.0,True,,,,,,,,,,,,,,0.0,,,FARO,,2024,Idosos,,0.0,-0.0,-0.0,0.0,,,-0.0,,-0.0,0.0,,,-0.0,0.0,0.0,-0.0,-0.0,2.0,,INST_7e92172c,EQUIP_5f19c083
OCIP 7_24.pdf,4,2107 - ESTRUTURA RESIDENCIAL PARA PESSOAS IDOSAS,Típico,46.0,36.0,12.0,True,,,,,,,,,,,,,,0.0,,,FARO,,2024,Idosos,,0.0,-0.0,-0.0,0.0,,,-0.0,,-0.0,0.0,,,-0.0,0.0,0.0,-0.0,-0.0,1.28,,INST_7e92172c,EQUIP_5f19c083
OCIP 7_24.pdf,6,1104 - ESTABELECIMENTO DE EDUCAÇÃO PRÉ-ESCOLAR,Típico,24.0,5.0,12.0,True,,,,,,,,,,,,,,,,,FARO,,2024,Infância,,0.0,-0.0,-0.0,0.0,,,-0.0,,-0.0,0.0,,,-0.0,0.0,0.0,-0.0,-0.0,4.8,,INST_7e92172c,EQUIP_d886fde2
