source_file,page,resposta_social,equipamento,tipo_acordo,n_medio_utentes,n_medio_funcionarios,n_meses,is_ocr,vendas,servicos_prestados,servicos_prestados_particulares,subsidios_publicos,iss_ip,iss_ip_2,outros_rendimentos,custo_mercadorias,fse,gastos_pessoal,outros_gastos,ebitda,depreciacao,resultado_liquido,ss_funding_authoritative,_comparticipacoes_matched_key,concelho,centro_distrital,ano,activity_group,institution_id
DOC 2.pdf,2,1103 - CRECHE,1 - SEDE,Típico Tipo de Atividade:,39.0,8.25,12.0,False,0.0,8719.0,8719.0,276569.56,276569.56,0.0,15870.89,-24684.07,-27995.84,-167486.01,-39829.63,41163.9,-3934.24,37229.66,276569.56,CRECHE,GUIMARÃES,,2025,Infância,INST_33c54ad8
DOC 2.pdf,3,1104 - ESTABELECIMENTO DE EDUCAÇÃO PRÉ-ESCOLAR,1 - SEDE,Típico Tipo de Atividade:,40.0,6.25,12.0,False,0.0,56181.11,56181.11,139124.15,139124.15,0.0,15759.49,-26089.61,-28910.45,-156609.75,-45126.31,-45671.37,-4034.09,-49705.46,139124.15,ESTABELECIMENTO DE EDUC,GUIMARÃES,,2025,Infância,INST_33c54ad8
DOC 2.pdf,4,2103 - CENTRO DE DIA,1 - SEDE,Típico Tipo de Atividade:,20.0,5.5,12.0,False,0.0,51412.11,51412.11,50354.98,50354.98,0.0,9023.98,-16258.46,-22064.55,-90539.9,-20521.97,-38593.81,-2017.04,-40610.85,50354.98,CENTRO DE DIA,GUIMARÃES,,2025,Idosos,INST_33c54ad8
DOC 3.pdf,2,2101 - SERVIÇO DE APOIO DOMICILIÁRIO,1 - SEDE,Típico Tipo de Atividade:,14.0,4.0,12.0,False,0.0,28115.5,26902.5,71344.25,66969.25,0.0,1434.99,-21826.29,-12624.79,-63022.35,-433.86,2987.45,-4344.27,-1373.55,66969.25,SERVIÇO DE APOIO DOMICILIÁ,GUARDA,,2025,Idosos,INST_ed1ce449
DOC 7.pdf,2,1103 - CRECHE,1 - SEDE,Típico Tipo de Atividade:,48.0,13.0,12.0,False,0.0,325419.4,0.0,0.0,0.0,0.0,19393.34,-58274.74,-29946.59,-173181.76,-53.61,83356.04,-23732.17,59623.87,325419.4,CRECHE,OURÉM,,2025,Infância,INST_9c027b3d
DOC 7.pdf,3,2101 - SERVIÇO DE APOIO DOMICILIÁRIO,1 - SEDE,Típico Tipo de Atividade:,15.0,5.0,12.0,False,0.0,153521.05,49531.53,0.0,0.0,0.0,5565.77,-41083.13,-16720.22,-96133.46,0.0,5150.01,-5048.47,101.54,103989.52,SERVIÇO DE APOIO DOMICILIÁ,OURÉM,,2025,Idosos,INST_9c027b3d
DOC 7.pdf,4,2103 - CENTRO DE DIA,1 - SEDE,Típico Tipo de Atividade:,6.0,3.0,12.0,False,0.0,24906.29,11667.47,0.0,0.0,0.0,2343.32,-10297.98,-39300.53,-56279.19,0.0,-78628.09,-7308.72,-85936.81,13238.82,CENTRO DE DIA,OURÉM,,2025,Idosos,INST_9c027b3d
DOC 7.pdf,5,2107 - ESTRUTURA RESIDENCIAL PARA PESSOAS IDOSAS,1 - SEDE,Típico Tipo de Atividade:,45.0,24.0,12.0,False,0.0,721608.32,383477.2,13127.47,0.0,0.0,82493.62,-75912.47,-130844.12,-537257.1,-664.66,72551.06,-101327.81,-82045.16,338131.12,ESTRUTURA RESIDENCIAL PA,OURÉM,,2025,Idosos,INST_9c027b3d
OCIP 1_24.pdf,2,1103 - CRECHE,1 - SEDE,Típico Tipo de Atividade:,66.0,16.0,12.0,False,0.0,17981.14,17981.14,515406.22,515406.22,0.0,14357.43,-36876.69,-80217.61,-358118.77,-3195.53,69336.19,-19108.99,58447.24,,,BRAGA,,2024,Infância,INST_78679529
OCIP 1_24.pdf,3,1104 - ESTABELECIMENTO DE EDUCAÇÃO PRÉ-ESCOLAR,1 - SEDE,Típico Tipo de Atividade:,60.0,7.0,12.0,False,0.0,132858.89,132858.89,139825.51,139825.51,0.0,7331.4,-18830.64,-45311.49,-184886.08,-1631.77,29355.82,-9757.77,23795.52,,,BRAGA,,2024,Infância,INST_78679529
OCIP 1_24.pdf,4,2101 - SERVIÇO DE APOIO DOMICILIÁRIO,1 - SEDE,Típico Tipo de Atividade:,32.0,13.0,12.0,False,0.0,85644.07,85644.07,138322.45,138322.45,0.0,6414.89,-16476.81,-32552.96,-168439.78,-1427.75,11484.11,-8538.03,6618.86,,,BRAGA,,2024,Idosos,INST_78679529
OCIP 1_24.pdf,5,2103 - CENTRO DE DIA,1 - SEDE,Típico Tipo de Atividade:,28.0,8.0,12.0,False,0.0,96674.07,96674.07,57034.59,57034.59,0.0,2443.79,-6276.88,-12837.94,-89605.95,-543.96,46887.72,-3252.59,45034.29,,,BRAGA,,2024,Idosos,INST_78679529
OCIP 2_24.pdf,2,2101 - SERVIÇO DE APOIO DOMICILIÁRIO,1 - SEDE,Típico Tipo de Atividade:,8.0,4.0,12.0,False,0.0,33778.18,33778.18,32894.09,32894.09,0.0,0.0,-5963.49,-12755.44,-61326.93,0.0,-13373.59,0.0,-13373.59,,,RIO MAIOR,,2024,Idosos,INST_a490aecb
OCIP 2_24.pdf,3,2103 - CENTRO DE DIA,1 - SEDE,Típico Tipo de Atividade:,5.0,2.0,12.0,False,0.0,19610.8,19610.8,9110.47,9110.47,0.0,0.0,-1657.42,-4169.91,-22592.82,-11.12,290.0,0.0,290.0,,,RIO MAIOR,,2024,Idosos,INST_a490aecb
OCIP 2_24.pdf,4,2107 - ESTRUTURA RESIDENCIAL PARA PESSOAS IDOSAS,1 - SEDE,Típico Tipo de Atividade:,67.0,50.0,12.0,False,23633.7,707764.71,662994.21,464054.34,450715.82,0.0,240912.54,-102876.45,-271636.6,-922550.72,-8711.63,130589.89,-46586.35,166614.53,,,RIO MAIOR,,2024,Idosos,INST_a490aecb
OCIP 3_24.pdf,2,2101 - SERVIÇO DE APOIO DOMICILIÁRIO,1 - SEDE,Típico Tipo de Atividade:,20.0,6.0,12.0,False,0.0,199223.24,82026.4,0.0,0.0,0.0,11684.13,-44447.16,-37161.59,-138943.89,0.0,-9645.27,-14168.49,-23813.76,,,TONDELA,,2024,Idosos,INST_fe5a74f3
OCIP 3_24.pdf,3,2103 - CENTRO DE DIA,1 - SEDE,Típico Tipo de Atividade:,20.0,4.0,12.0,False,0.0,97495.42,56983.45,0.0,0.0,0.0,0.0,-17285.01,-26346.77,-43531.66,0.0,10331.98,-9445.66,886.32,,,TONDELA,,2024,Idosos,INST_fe5a74f3
OCIP 4_24.pdf,2,1103 - CRECHE,1 - SEDE,Típico Tipo de Atividade:,55.0,12.0,12.0,False,0.0,82863.75,82863.75,233414.76,233414.76,0.0,2227.12,-16564.28,-55113.6,-237444.83,-656.37,8726.55,-8334.91,391.64,,,GUIMARÃES,,2024,Infância,INST_06dcf602
OCIP 4_24.pdf,3,1104 - ESTABELECIMENTO DE EDUCAÇÃO PRÉ-ESCOLAR,1 - SEDE,Típico Tipo de Atividade:,95.0,16.0,12.0,False,0.0,101277.92,101277.92,285284.72,285284.72,0.0,2722.03,-20245.23,-67361.07,-290210.35,-802.23,10665.79,-10187.11,478.68,,,GUIMARÃES,,2024,Infância,INST_06dcf602
OCIP 5_24.pdf,2,1103 - CRECHE,1 - SEDE,Típico Tipo de Atividade:,35.0,6.0,12.0,False,0.0,215676.73,19387.0,18438.69,0.0,0.0,19165.36,-19489.13,-36488.81,-167051.47,-170.47,30095.74,-8646.99,20000.18,,,PESO DA RÉGUA,,2024,Infância,INST_385e9951
OCIP 5_24.pdf,3,1104 - ESTABELECIMENTO DE EDUCAÇÃO PRÉ-ESCOLAR,1 - SEDE,Típico Tipo de Atividade:,39.0,8.0,12.0,False,0.0,106449.75,20214.5,13926.32,0.0,0.0,22381.48,-20866.17,-43307.54,-121109.72,-2573.94,-45073.12,-15564.44,-62121.74,,,PESO DA RÉGUA,,2024,Infância,INST_385e9951
OCIP 5_24.pdf,4,2101 - SERVIÇO DE APOIO DOMICILIÁRIO,1 - SEDE,Típico Tipo de Atividade:,36.0,9.0,12.0,False,0.0,206035.97,57061.29,25200.72,0.0,0.0,12660.19,-23884.87,-30372.74,-151768.69,-194.61,37693.77,-10376.24,25837.49,,,PESO DA RÉGUA,,2024,Idosos,INST_385e9951
OCIP 6_24.pdf,2,1103 - CRECHE,1 - SEDE,Típico Tipo de Atividade:,34.0,14.0,12.0,False,0.0,206918.98,14302.65,9511.19,0.0,0.0,3739.8,-14003.77,-29433.12,-135454.18,-97.18,41181.72,-6824.62,34359.25,,,SANTO TIRSO,,2024,Infância,INST_66fbbdb7
OCIP 6_24.pdf,3,2101 - SERVIÇO DE APOIO DOMICILIÁRIO,1 - SEDE,Típico Tipo de Atividade:,15.0,14.0,12.0,False,0.0,128236.3,49948.6,6182.27,0.0,0.0,2430.87,-9102.45,-19131.53,-88045.21,-63.17,20507.08,-4436.0,16072.48,,,SANTO TIRSO,,2024,Idosos,INST_66fbbdb7
OCIP 6_24.pdf,4,2103 - CENTRO DE DIA,1 - SEDE,Típico Tipo de Atividade:,12.0,14.0,12.0,False,0.0,77421.63,49386.95,4280.04,0.0,0.0,1682.91,-6301.7,-13244.9,-60954.38,-43.73,2839.87,-3071.08,-230.24,,,SANTO TIRSO,,2024,Idosos,INST_66fbbdb7
OCIP 6_24.pdf,5,2107 - ESTRUTURA RESIDENCIAL PARA PESSOAS IDOSAS,1 - SEDE,Típico Tipo de Atividade:,30.0,26.0,12.0,False,0.0,508459.64,269481.12,27582.43,0.0,0.0,10845.42,-40610.93,-85356.04,-392817.11,-281.82,27821.59,-19791.39,8036.44,,,SANTO TIRSO,,2024,Idosos,INST_66fbbdb7
OCIP 8_24.pdf,2,2107 - ESTRUTURA RESIDENCIAL PARA PESSOAS IDOSAS,1 - SEDE,Típico Tipo de Atividade:,73.0,52.0,12.0,False,0.0,752682.94,750119.94,457040.55,432045.38,0.0,75844.15,-133874.18,-103350.52,-797279.25,-162.78,250900.91,-84656.07,107471.4,,,AMARES,,2024,Idosos,INST_c3d659e5
OCIP 9_24.pdf,2,1103 - CRECHE,1 - SEDE,Típico Tipo de Atividade:,43.0,9.0,12.0,False,0.0,251473.95,0.0,9183.75,0.0,0.0,1656.72,-22516.3,-23304.3,-208569.77,-143.0,7781.05,-4237.12,2745.95,,,SALVATERRA DE MAGOS,,2024,Infância,INST_aaaf5294
OCIP 9_24.pdf,3,2101 - SERVIÇO DE APOIO DOMICILIÁRIO,1 - SEDE,Típico Tipo de Atividade:,32.0,5.0,12.0,False,0.0,175959.56,75893.09,9534.08,0.0,0.0,13973.0,-15413.15,-13439.19,-82233.7,-30.0,88350.6,-18810.23,69357.39,,,SALVATERRA DE MAGOS,,2024,Idosos,INST_aaaf5294
OCIP 9_24.pdf,4,2103 - CENTRO DE DIA,1 - SEDE,Típico Tipo de Atividade:,44.0,7.0,12.0,False,0.0,127615.31,35750.6,22137.57,0.0,0.0,3044.64,-43442.75,-51121.43,-134330.52,-395.0,-76492.18,-16543.34,-94604.47,,,SALVATERRA DE MAGOS,,2024,Idosos,INST_aaaf5294
OCIP_10_24.pdf,2,2101 - SERVIÇO DE APOIO DOMICILIÁRIO,1 - SEDE,Típico Tipo de Atividade:,10.0,6.0,12.0,False,0.0,41696.68,41696.68,49151.16,46849.78,0.0,1835.46,-17574.8,-14440.38,-79663.61,-96.44,-19091.93,-11210.26,-31010.37,,,TORRES NOVAS,,2024,Idosos,INST_0ddfde1e
OCIP_10_24.pdf,3,2103 - CENTRO DE DIA,1 - SEDE,Típico Tipo de Atividade:,15.0,6.0,12.0,False,0.0,0.0,0.0,6121.84,6121.84,0.0,1077.98,0.0,0.0,-12521.47,0.0,-5321.65,-4588.99,-9910.64,,,TORRES NOVAS,,2024,Idosos,INST_0ddfde1e
OCIP_10_24.pdf,4,2107 - ESTRUTURA RESIDENCIAL PARA PESSOAS IDOSAS,1 - SEDE,Típico Tipo de Atividade:,28.0,20.0,12.0,False,0.0,360124.8,360124.8,223665.82,201528.9,0.0,29312.02,-65311.4,-101242.17,-432981.81,-1063.87,12503.39,-13830.71,-5678.33,,,TORRES NOVAS,,2024,Idosos,INST_0ddfde1e
OCIP_11_24.pdf,2,2107 - ESTRUTURA RESIDENCIAL PARA PESSOAS IDOSAS,1 - SEDE,Típico Tipo de Atividade:,35.0,29.0,12.0,False,0.0,590203.46,357015.33,119168.68,0.0,0.0,64198.73,-18370.91,-180664.81,-526728.16,-1481.87,46325.12,-98607.6,-74613.45,,,ALCOUTIM,,2024,Idosos,INST_e82da776
OCIP_12_24.pdf,2,2101 - SERVIÇO DE APOIO DOMICILIÁRIO,1 - SEDE,Típico Tipo de Atividade:,13.0,5.0,12.0,False,0.0,104342.64,4553.91,11695.44,0.0,0.0,6070.85,-11647.71,-11426.62,-71647.78,-103.63,27283.19,-8182.03,18880.32,,,ALCOBAÇA,,2024,Idosos,INST_7b000b7b
OCIP_12_24.pdf,3,2103 - CENTRO DE DIA,1 - SEDE,Típico Tipo de Atividade:,21.0,6.0,12.0,False,0.0,134445.69,3318.59,26285.01,0.0,0.0,2299.47,-16866.39,-33323.41,-98475.74,-1244.15,13120.48,-5777.98,7342.5,,,ALCOBAÇA,,2024,Idosos,INST_7b000b7b
OCIP_13_24.pdf,2,2101 - SERVIÇO DE APOIO DOMICILIÁRIO,1 - SEDE,Típico Tipo de Atividade:,31.0,8.0,12.0,False,0.0,223107.94,67506.36,3534.5,0.0,0.0,10529.62,-49868.05,-47166.56,-74112.84,-2031.78,63992.83,-15427.19,48565.64,,,ALIJÓ,,2024,Idosos,INST_2eccc5c5
OCIP_13_24.pdf,3,2103 - CENTRO DE DIA,1 - SEDE,Típico Tipo de Atividade:,6.0,1.0,12.0,False,0.0,22361.62,9864.28,1598.92,0.0,0.0,6614.48,-16797.53,-19312.59,-73456.84,-2456.1,-81448.04,-6979.01,-88427.05,,,ALIJÓ,,2024,Idosos,INST_2eccc5c5
OCIP_13_24.pdf,4,2107 - ESTRUTURA RESIDENCIAL PARA PESSOAS IDOSAS,1 - SEDE,Típico Tipo de Atividade:,14.0,8.0,12.0,False,0.0,178151.47,95216.35,3282.01,0.0,0.0,12092.93,-25196.35,-31886.46,-115199.57,-117.14,21126.89,-14325.22,6801.67,,,ALIJÓ,,2024,Idosos,INST_2eccc5c5
OCIP_14_24.pdf,2,1104 - ESTABELECIMENTO DE EDUCAÇÃO PRÉ-ESCOLAR,1 - SEDE,Sem Acordo Tipo de Atividade:,0.0,0.0,12.0,False,0.0,0.0,0.0,0.0,0.0,0.0,0.0,0.0,0.0,0.0,0.0,0.0,0.0,0.0,,,PÓVOA DE VARZIM,,2024,Infância,INST_29ae815e
OCIP_14_24.pdf,4,1103 - CRECHE,2000 - CRECHE E JARDIM DE INFÂNCIA NOVO MUNDO,Típico Tipo de Atividade:,41.0,11.0,12.0,False,0.0,116335.94,0.0,162663.66,155065.97,0.0,12702.46,-13971.12,-30776.18,-211029.88,-1038.69,34886.19,-20910.36,13975.83,,,PÓVOA DE VARZIM,,2024,Infância,INST_29ae815e
OCIP_14_24.pdf,5,1104 - ESTABELECIMENTO DE EDUCAÇÃO PRÉ-ESCOLAR,2000 - CRECHE E JARDIM DE INFÂNCIA NOVO MUNDO,Típico Tipo de Atividade:,50.0,8.0,12.0,False,0.0,95369.67,95369.67,119351.62,90260.2,0.0,14209.53,-15624.64,-34418.61,-158551.18,-1161.62,19174.77,-23391.26,-4216.49,,,PÓVOA DE VARZIM,,2024,Infância,INST_29ae815e
OCIP_15_24.pdf,2,1104 - ESTABELECIMENTO DE EDUCAÇÃO PRÉ-ESCOLAR,1 - SEDE,Típico Tipo de Atividade:,44.0,9.0,12.0,False,0.0,34152.37,0.0,118817.66,112038.51,0.0,2108.23,-1782.83,-47039.31,-140949.13,-900.64,-35273.83,-1405.34,-35214.16,,,LISBOA,,2024,Infância,INST_08266a86
OCIP_15_24.pdf,3,1103 - CRECHE,2000 - CENTRO SOCIAL PAROQUIAL SANTO ANTONIO CAMPOLIDE - CRECHE,Típico Tipo de Atividade:,48.0,10.0,12.0,False,0.0,712.26,0.0,286555.06,279775.9,0.0,2108.23,-1782.86,-54550.15,-186088.17,-749.74,46524.45,-1405.37,46584.11,,,LISBOA,,2024,Infância,INST_08266a86
OCIP_16_24.pdf,2,1103 - CRECHE,1 - SEDE,Típico Tipo de Atividade:,45.0,24.0,12.0,False,2634.0,311621.31,36346.88,12590.2,0.0,0.0,42881.39,-12680.16,-72703.75,-269779.48,-1213.31,13350.2,-15274.94,-1924.74,,,PORTO,,2024,Infância,INST_54c67dde
OCIP_16_24.pdf,3,1104 - ESTABELECIMENTO DE EDUCAÇÃO PRÉ-ESCOLAR,1 - SEDE,Típico Tipo de Atividade:,66.0,22.0,12.0,False,4412.0,260578.89,128113.32,50196.01,44204.76,0.0,20405.78,-8100.91,-60534.21,-237293.34,-577.37,29086.85,-7324.7,21762.15,,,PORTO,,2024,Infância,INST_54c67dde
OCIP_16_24.pdf,4,2103 - CENTRO DE DIA,1 - SEDE,Sem Acordo Tipo de Atividade:,0.0,0.0,12.0,False,0.0,0.0,0.0,0.0,0.0,0.0,0.0,0.0,0.0,0.0,0.0,0.0,0.0,0.0,,,PORTO,,2024,Idosos,INST_54c67dde
OCIP_16_24.pdf,5,2103 - CENTRO DE DIA,2000 - CASA BELA,Típico Tipo de Atividade:,45.0,17.0,12.0,False,0.0,105225.45,51390.93,2462.94,0.0,0.0,10501.11,-2292.51,-33878.01,-86704.02,-237.36,-4922.4,-5488.16,-10410.56,,,PORTO,,2024,Idosos,INST_54c67dde
OCIP_16_24.pdf,6,2301 - SERVIÇO DE APOIO DOMICILIÁRIO,2000 - CASA BELA,Típico Tipo de Atividade:,35.0,22.0,12.0,False,0.0,255522.9,100383.62,7097.65,0.0,0.0,26286.63,-6606.5,-73162.2,-204842.51,-684.0,3611.97,-10422.29,-6810.32,,,PORTO,,2024,Idosos,INST_54c67dde
OCIP_17_24.pdf,3,1103 - CRECHE,2000 - ASS PAIS TECNICOS INFANTARIO PEDRITA,Típico Tipo de Atividade:,25.0,7.0,12.0,False,0.0,79743.98,21599.15,86861.52,86861.52,0.0,507.0,-1924.6,-26284.0,-140664.47,-322.64,-2083.21,-4424.07,-3625.98,,,LISBOA,,2024,Infância,INST_82895946
OCIP_18_24.pdf,2,2101 - SERVIÇO DE APOIO DOMICILIÁRIO,1 - SEDE,Típico Tipo de Atividade:,15.0,3.0,12.0,False,0.0,22759.03,22759.03,38174.0,38174.0,0.0,0.0,-6221.2,-5024.42,-47229.27,-544.31,1913.83,-979.16,934.67,,,FREIXO DE ESPADA À CINTA,,2024,Idosos,INST_30ee18e3
OCIP_18_24.pdf,3,2107 - ESTRUTURA RESIDENCIAL PARA PESSOAS IDOSAS,1 - SEDE,Típico Tipo de Atividade:,15.0,8.0,12.0,False,0.0,128967.86,128967.86,68880.0,68880.0,0.0,2666.9,-28586.79,-28471.69,-134299.17,-3084.4,6072.71,-5548.55,524.16,,,FREIXO DE ESPADA À CINTA,,2024,Idosos,INST_30ee18e3
OCIP_19_24.pdf,2,1104 - ESTABELECIMENTO DE EDUCAÇÃO PRÉ-ESCOLAR,1 - SEDE,Típico Tipo de Atividade:,45.0,9.0,12.0,False,0.0,99583.67,99583.67,127557.8,96142.27,17072.04,1541.02,-16839.45,-32544.1,-177400.8,-131.83,1766.31,-3077.02,6730.34,,,FARO,,2024,Infância,INST_84fb7003
OCIP_20_24.pdf,2,1103 - CRECHE,2000 - CRECHE S. FRANCISCO DE ASSIS,Típico Tipo de Atividade:,47.0,10.0,12.0,False,0.0,25701.5,25701.5,264708.64,263481.44,0.0,17861.35,-4601.11,-80717.57,-180300.48,-797.04,41855.29,-39004.47,3800.04,,,VILA REAL,,2024,Infância,INST_fbb27a0f
OCIP 7_24.pdf,2,1103 - CRECHE,1 - SEDE,Típico,74.0,16.0,12.0,True,,,,,,,,,,,,,,0.0,,,FARO,,2024,Infância,INST_7e92172c
OCIP 7_24.pdf,3,2101 - SERVIÇO DE APOIO DOMICILIÁRIO,1 - SEDE,Típico,18.0,9.0,12.0,True,,,,,,,,,,,,,,0.0,,,FARO,,2024,Idosos,INST_7e92172c
OCIP 7_24.pdf,4,2107 - ESTRUTURA RESIDENCIAL PARA PESSOAS IDOSAS,1 - SEDE,Típico,46.0,36.0,12.0,True,,,,,,,,,,,,,,0.0,,,FARO,,2024,Idosos,INST_7e92172c
OCIP 7_24.pdf,6,1104 - ESTABELECIMENTO DE EDUCAÇÃO PRÉ-ESCOLAR,2000 - JARDIM DE INFÂNCIA A JOANINHA,Típico,24.0,5.0,12.0,True,,,,,,,,,,,,,,,,,FARO,,2024,Infância,INST_7e92172c
